<?xml version="1.0" encoding="UTF-8"?>
<project-private xmlns="http://www.netbeans.org/ns/project-private/1">
    <editor-bookmarks xmlns="http://www.netbeans.org/ns/editor-bookmarks/2" lastBookmarkId="0"/>
    <open-files xmlns="http://www.netbeans.org/ns/projectui-open-files/2">
        <group>
            <file>file:/C:/Users/User/Documents/NetBeansProjects/PersonalProfileWeb/web/profile_form.html</file>
            <file>file:/C:/Users/User/Documents/NetBeansProjects/PersonalProfileWeb/web/index.html</file>
            <file>file:/C:/Users/User/Documents/NetBeansProjects/PersonalProfileWeb/src/java/com/uitm/bean/ProfileBean.java</file>
            <file>file:/C:/Users/User/Documents/NetBeansProjects/PersonalProfileWeb/src/java/com/uitm/servlet/ProfileServlet.java</file>
            <file>file:/C:/Users/User/Documents/NetBeansProjects/PersonalProfileWeb/web/viewProfiles.jsp</file>
            <file>file:/C:/Users/User/Documents/NetBeansProjects/PersonalProfileWeb/web/WEB-INF/web.xml</file>
            <file>file:/C:/Users/User/Documents/NetBeansProjects/PersonalProfileWeb/src/java/com/uitm/dao/DBConnection.java</file>
            <file>file:/C:/Users/User/Documents/NetBeansProjects/PersonalProfileWeb/web/style.css</file>
            <file>file:/C:/Users/User/Documents/NetBeansProjects/PersonalProfileWeb/web/profile.jsp</file>
        </group>
    </open-files>
</project-private>
